url,https,domain_suspicious,domain_age,typosquatting,reddit_mentions,traffic_rank,fake_review_ratio,score,label
https://amazon.com,1,0,11335,0,1,-1,0,80,0
https://ebay.com,1,0,11059,0,1,-1,0,80,0
https://walmart.com,1,0,11221,1,1,-1,0,60,0
https://alibaba.com,1,0,9709,1,1,-1,0,60,0
https://taobao.com,1,0,8242,0,1,-1,0,80,0
https://tmall.com,1,0,10254,1,1,-1,0,60,0
https://flipkart.com,1,0,6737,0,1,-1,0,80,0
https://bestbuy.com,1,0,11578,0,1,-1,0,80,0
https://target.com,1,1,10542,0,1,-1,0,70,0
https://costco.com,1,0,10468,0,1,-1,0,80,0
https://ikea.com,1,0,11065,0,1,-1,0,80,0
https://macy's.com,1,0,-1,0,1,-1,0,50,0
https://nordstrom.com,1,0,11445,0,1,-1,0,80,0
https://wayfair.com,1,0,7819,0,1,-1,0,80,0
https://overstock.com,1,0,9772,0,1,-1,0,80,0
https://zappos.com,1,0,9620,0,1,-1,0,80,0
https://sephora.com,1,0,10642,0,1,-1,0,80,0
https://lululemon.com,1,0,9730,1,1,-1,0,60,0
https://asos.com,1,0,9390,0,1,-1,0,80,0
https://zalando.com,1,0,6383,1,1,-1,0,60,0
https://uniqlo.com,1,0,9817,1,1,-1,0,60,0
https://shop.nike.com,1,0,11212,0,1,-1,0,80,0
https://adidas.com,1,0,11007,0,1,-1,0,80,0
https://apple.com,1,0,14147,0,1,-1,0,80,0
https://microsoft.com,1,0,12614,0,1,-1,0,80,0
https://samsung.com,1,0,11307,0,1,-1,0,80,0
https://hp.com,1,0,14500,0,1,-1,0,80,0
https://dell.com,1,0,13505,1,1,-1,0,60,0
https://lenovo.com,1,0,8469,1,1,-1,0,60,0
https://newegg.com,1,0,9416,0,1,-1,0,80,0
https://bhphotovideo.com,1,0,10775,0,1,-1,0,80,0
https://rakuten.com,1,0,10289,0,1,-1,0,80,0
https://etsy.com,1,0,7951,0,1,-1,0,80,0
https://argentina.mercadolibre.com (MercadoLibre regional),1,0,-1,1,1,-1,0,30,1
https://jd.com,1,0,12098,0,1,-1,0,80,0
https://shopee.com,1,0,8470,1,1,-1,0,60,0
https://lazada.com,1,0,5923,1,1,-1,0,60,0
https://wayfair.ca,1,0,5378,0,1,-1,0,80,0
https://argos.co.uk,1,0,10696,0,1,-1,0,80,0
https://asos.com,1,0,9390,0,1,-1,0,80,0
https://johnlewis.com,1,0,10179,1,1,-1,0,60,0
https://boots.com,1,0,11118,0,1,-1,0,80,0
https://gallery&co (replace if you prefer other regionals),1,0,-1,1,1,-1,0,30,1
https://carrefour.com,1,0,10977,0,1,-1,0,80,0
https://aldi.co.uk,1,0,10637,1,1,-1,0,60,0
https://sainsburys.co.uk,1,0,10696,0,1,-1,0,80,0
https://ocado.com,1,0,9368,0,1,-1,0,80,0
https://currys.co.uk,1,0,10592,0,1,-1,0,80,0
https://hm.com,1,0,10226,0,1,-1,0,80,0
https://gap.com,1,0,11749,0,1,-1,0,80,0
https://net-a-porter.com,1,0,9606,1,1,-1,0,60,0
https://amaz0n-deals.com,1,1,-1,1,1,-1,0,20,1
https://electronicsflashsale.com,1,0,-1,1,1,-1,0,30,1
https://blauxstore.com,1,0,384,1,1,-1,0,60,0
https://outletmart.shop,1,0,-1,1,1,-1,0,30,1
https://vankle.co,1,0,-1,1,1,-1,0,30,1
https://voguetrends.shop,1,0,-1,0,1,-1,0,50,0
https://techmart247.com,1,0,-1,0,1,-1,0,50,0
https://dealseason.store,1,1,-1,1,1,-1,0,20,1
https://bestshopsonline.shop,1,0,-1,1,1,-1,0,30,1
https://discountluxury.store,1,1,218,1,1,-1,0,50,0
https://myshopify-scams.com,1,0,-1,1,1,-1,0,30,1
https://topratedbeautyshop.com,1,0,-1,1,1,-1,0,30,1
https://trendycharm.store,1,0,367,0,1,-1,0,80,0
https://buymagicwand.store,1,0,-1,0,1,-1,0,50,0
https://superdealsshop.net,1,1,-1,1,1,-1,0,20,1
https://justkotton.com,1,0,-1,0,1,-1,0,50,0
https://fabindia.club,1,0,-1,0,1,-1,0,50,0
https://perfectx.in,1,0,-1,0,1,-1,0,50,0
https://widgetshunt.com,1,1,-1,0,1,-1,0,40,1
https://wearyourglamour.com,1,0,-1,1,1,-1,0,30,1
https://famousfeets.com,1,0,-1,0,1,-1,0,50,0
https://bhspecial.com,1,0,-1,1,1,-1,0,30,1
https://christmas-bigsales.com,1,0,-1,1,1,-1,0,30,1
https://outletfinalsale.com,1,0,-1,1,1,-1,0,30,1
https://bh-clearance.com,1,0,-1,1,1,-1,0,30,1
https://balsmhillforsale.shop,1,0,-1,1,1,-1,0,30,1
https://bhoutletsale.shop,1,0,-1,1,1,-1,0,30,1
https://bhspcial.com,1,0,-1,1,1,-1,0,30,1
https://fake-sneakerstore-example.com   # placeholder pattern reported in articles (search for current variants),1,0,-1,1,1,-1,0,30,1
https://discountgadgets-shop.com       # many lists have similarly named shops â€” verify before use,1,1,-1,1,1,-1,0,20,1
https://bestdealz-online.shop,1,1,-1,1,1,-1,0,20,1
https://onlinestore-discountz.com,1,1,-1,1,1,-1,0,20,1
https://superdiscounts-offer.com,1,1,-1,1,1,-1,0,20,1
https://cheapluxurystore.net,1,1,-1,1,1,-1,0,20,1
https://flashsaleexclusive.store,1,0,-1,1,1,-1,0,30,1
https://topelectronics-dealshop.com,1,1,-1,1,1,-1,0,20,1
https://couponplus-deals.com,1,1,-1,1,1,-1,0,20,1
https://paypalsecure-login.com         # example of impersonator-style domains,1,0,-1,1,1,-1,0,30,1
https://amazon-offers-sale.net,1,1,-1,1,1,-1,0,20,1
https://cheapdesignerbags.store,1,1,-1,0,1,-1,0,40,1
https://luxury-outlet-sales.shop,1,0,-1,1,1,-1,0,30,1
https://clearance-outlet-shop.com,1,0,-1,1,1,-1,0,30,1
https://dealzmania-shop.com,1,1,-1,1,1,-1,0,20,1
https://shop-dealz-today.com,1,1,-1,1,1,-1,0,20,1
https://onlineshoppers-deals.net,1,1,-1,1,1,-1,0,20,1
https://discountavenue.shop,1,1,-1,0,1,-1,0,40,1
https://bargain-hub-online.com,1,0,-1,1,1,-1,0,30,1
https://globaloutlet-sales.shop,1,0,-1,1,1,-1,0,30,1
https://promo-discount-store.com,1,1,-1,1,1,-1,0,20,1
https://brilliant-deals-shop.com,1,1,-1,1,1,-1,0,20,1
https://onlineofferhub.net,1,1,-1,1,1,-1,0,20,1
